train0.bmp,The progrešsive development of man iš vitally dependent on invention 
train1.bmp,It iš the most important product of his creative brain 
train10.bmp,did I realize that I was an inventor 
train11.bmp,Thiš was due to a number of čauses 
train12.bmp,Hiš premature death left my parents disčonšolate 
train13.bmp,We owned a horše which had been prešented to us by a dear friend 
train14.bmp,Thiš horše waš rešponsible for my brother š injuries from whićh he died 
train15.bmp,The recollećtion of hiš attainmentš made every effort of mine seem dull in ćomparišon 
train16.bmp,Anything I did that was čreditable merely caused my parents to feel their lošš more keenly 
train17.bmp,Šo I grew up with little čonfidence in myšelf 
train18.bmp,One day the Aldermen were passing thru a štreet where I was at play with other boys 
train19.bmp,Ćoming to me he šuddenly štopt and commanded Look in my eyes 
train2.bmp,This is the diffićult tašk of the inventor who iš often mišunderstood and unrewarded 
train20.bmp,They used to tell a funny story about me 
train21.bmp,I longed to be an engineer but my father was inflexible 
train22.bmp,but singularly enough later embraced the ćlergy in which vocation he achieved eminence 
train23.bmp,He had a prodigious memory and frequently rečited at length from works in ševeral languages 
train24.bmp,He often remarked playfully that if šome of the claššics were lošt he could reštore them 
train25.bmp,Hiš štyle of writing was much admired 
train26.bmp,He penned sentenceš short and terse and waš full of wit and šatire 
train27.bmp,The humorouš remarks he made were alwayš pećuliar and characterištic 
train28.bmp,Just to illuštrate I may mention one or two instanćeš 
train29.bmp,Among the help there waš a cross eyed man ćalled Mane employed to do work around the farm 
train3.bmp,But he findš ample ćompenšation in 
train30.bmp,He waš chopping wood one day 
train31.bmp,at what you intend to hit 
train32.bmp,My father I I of I I I in your coat you are I my tire 
train33.bmp,A I I might have sworn that I I were I the room 
train34.bmp,My mother I from one of the I I I I I the country end I I I of I 
train35.bmp,When she was sixteen a I I swept the country 
train36.bmp,Her I I I I to I I I the test I to he I I I I I I I I 
train37.bmp,she went I to the I of a neighboring I who were stricken by the I I 
train38.bmp,I of the I I I number I I rapid I 
train39.bmp,My I I an I of the I I I I I I I I have I I great I I 
train4.bmp,Every effort under compulšion demandš a šačrifice of life energy 
train40.bmp,had Šhe not been so remote from modern I I its I I 
train41.bmp,I even I the I I the I and separated the I I 
train42.bmp,When she was past sixty her I were I I enough to I three I in an I 
train43.bmp,There was another and I more important I for my late awakening 
train44.bmp,They were I of I I I I I I had I I never of I I I I 
train45.bmp,This caused me great discomfort and anxiety 
train46.bmp,They šeem to have been unique 
train47.bmp,I I was I I I as I know I my I I I I I I I 
train48.bmp,I was normal and compošed 
train49.bmp,I it I even remain fixt I space tho 
train5.bmp,I never paid šućh a price 
train50.bmp,I pushed my hand thru it 
train51.bmp,I an I I I I I I 
train52.bmp,I did I I I was about I I my thoughtš I I to I 
train53.bmp,I to my and I I I I I the I 
train54.bmp,I I no I I or I 
train55.bmp,I could I them all aš real in my mind 
train56.bmp,I I I be I I I I the I I I I I 
train57.bmp,My method iš I 
train58.bmp,I I not I I I I I 
train59.bmp,When I get an idea I štart at onće building it up in my I 
train6.bmp,On the ćontrary I have thrived on my thoughtš 
train60.bmp,I I I I I I I I I I I I I I I I I I I I I I I I I I I I I I I I I I I I 
train61.bmp,I I I I I I I I I I I I I I I I I I I I I I I I I I I I I I I I I I I I I I I I I I I I I I I I I I I I I I I 
train62.bmp,I I I I I I I I I I I I I I I I I I I I I I I I I I I I I I I I I I I I I I I I I I I I I I I I I I I I I I I I I I I I I I I I I I I I I I I I I I I I I I I I I I I I I I I I I I I I I I I I I I I I I I I I I I I I I I I I I I I I I I I I I I I I I I I I I I I I I I I I I I I I I I I I I I I 
train63.bmp,I I I I I 
train64.bmp,I I I I I I I I I I I I I I I I I I I I I I I I I I 
train65.bmp,I I I I I I I I I I I I I I I I I I I š I I I I I I I I I I I I I I š I I I I 
train66.bmp,I I I I I I I I I 
train67.bmp,I I I I I I I I I I I I I I I I I I I I I I I I I I I I I I I I I I I I I I I I I I I I I I I I I I I I I I I I I I I I I I I I I I I I I I I I I I I I I I I I I I I I I I I I I I I I I I I I I I I I I I I I I I I I I I I I I I I I I I I I I I I I I I I I I I I I I I I I I I 
train68.bmp,I I I I I I I I I I I I I I I I I 
train69.bmp,I have I it 
train7.bmp,Our first endeavors are purely inštinctive promptings of an imagination vivid and undisciplined 
train70.bmp,I I I I I I I I I I I I I I I I I I I I I 
train71.bmp,I I I I I I I I I I I I I I I I I I I I I I I I I I I I I I I I I I I I I I I I I I I I I I I I I I I I I I I I I I I I I I 
train72.bmp,I I I I I I š I I I I I I I I I I I I I I I I I I I I I I I I I I I I I I I I I I I I I I I I I I I I I I I I I I I I 
train73.bmp,I I I š I I I š I I I I I I I I I I I I I I I I I I I I I I I I I I I I I I I I I I I I I I I I I I I I I I I I I I I I I I I I I I I I 
train74.bmp,I I I I I I the I a I I I I I I I I I I š I I 
train75.bmp,I I I I I I I I I I I 
train76.bmp,I I I I I I I I I I I I I I I I I I I I I I I I I I I I I I I I I I I I I I I I I I I I I I I I I I I I I I I I I I I I I I I I I I I I I I I I I I I š I I I I I I I I I I I I I I I I I I I I I I I I I I I I I I I I I I I I I I 
train77.bmp,I I I I I I I 
train78.bmp,I I I I I I I I I I I I I I I I I I I I I I I I I I I I I I I I I I I I I I I I I I I I I I I I I I I I I I I I I I I I I I I I I I I I I I I I I I I I I I I I I I I I I I I I I I I I I I I I I I I I I I I I I I I I I I I I I I I I I I I I 
train79.bmp,I I I I I I I I I I I I I I I I I I I I I I I I I I I I I I I I I I I I I I I I I I I I I I I I I I I I I I I I I I I I I I I I I I I I I I I I I I I I I I I I I I I I I I I I I I I I I I I I I I I I I I I I I I I I I I I I I I I I I I I I I I I I I I I I I I I I I I I I I I I I I I I I I I I I I I I I I I I I I I I 
train8.bmp,As we grow older reašon assertš itself and we bećome more and more systematič and dešigning 
train80.bmp,I have I it 
train81.bmp,I I I I I I I I I I I I 
train82.bmp,I I I I I I I I I I I I I I I I I I I I I I I I I I I I I I I I I I I I I I I I I I I I I I I I I I I I I I I I I I I I I I I I I 
train83.bmp,I I I I I I I I I I I I I I I I I I I I I I I I I I I I I I I I I I I I I I I I I I I I I I I I I I I I I 
train84.bmp,I If I 
train85.bmp,I I 
train86.bmp,I I I I I I I I I I I I I I I I I I I I I I I I I I I I I I I I I I I I I I I I I I I I I I I I I I I I I I I I I I I I I I I I I I I I I I I I I I I I I I I I I I I I I I I I I I I I I I I I I I I I I I I I I I I I I I I I I I I I 
train87.bmp,I I I I I I I I I I I I I I I I I I I I I I I I I I I I I I I I I I I I I I I I I I A I I I I I I I I 
train88.bmp,I I I I I I I I I I I I I I I I I I I I I I I I I I I 
train89.bmp,I have I it 
train9.bmp,But not until I had attained manhood 
train90.bmp,I I I I I I I I I I I I I I I I I I I I I I I I I I I I I I I I I I I I I I I I I I I I I I I š I I I I I I I 
train91.bmp,I I I I I I I I I I I I I I I I I I I I I I I I I I I I I I I I I I I I I I I I I I I I I I I I I I I I I I I I I I I I I I I I I I I I I I I I I I I I I I I I I I I I I I I I I I I I I I I I I I I I I I I I I I I I I I I 
train92.bmp,I have I it 
train93.bmp,I have I it 
train94.bmp,I I I a I I I a I I I I I I I I I I I I I I I I I I I I I I I I I I I I I I I I I I I a I I a I I I I I I I I I I I I I I I I I I I I I I I I I I I I I I 
train95.bmp,I I I I I I I I I I I I I I I I I I I I I I I I I I I I I I I I I I I I I I I I I I I I I I I I I I I I I I I I I I I I I I I I I I I I I I I I I I I I I I I I I I I I I I I I I I I I I I I I I I I I I I I I I I I I I I I I 
train96.bmp,I have I it 
train97.bmp,I I I I I I I 
train98.bmp,I have I it 
train99.bmp,I I I I I I I I I I I I I I I I I I I I I I I I I I I I I I I I I I I I I I I I I I I I I I I š I I I I I I I I I I I I I I I I I I I I I I I I I I A I I I I I I I I I I I I I I I I I I I I I I I I I I I I I I I I I I I I I I I I I I I I I I I I I I I I I I I I I I 
